bateria_pruebas\run_200p_10c_iter02.dat;1200;50;Limite_60s;aborted/maxTimeLimit;17269,5;0,128923;60,04
bateria_pruebas\run_200p_10c_iter02.dat;1200;50;Limite_300s;aborted/maxTimeLimit;17000,0;0,058754;300,04
bateria_pruebas\run_200p_10c_iter03.dat;1200;50;Limite_20s;ok/optimal;20201,0;0,0;2,82
bateria_pruebas\run_200p_10c_iter03.dat;1200;50;Limite_60s;ok/optimal;20201,0;0,0;2,82
bateria_pruebas\run_200p_10c_iter03.dat;1200;50;Limite_300s;ok/optimal;20201,0;0,0;2,82
bateria_pruebas\run_200p_10c_iter04.dat;1200;50;Limite_20s;aborted/maxTimeLimit;19493,5;0,12099;20,0
bateria_pruebas\run_200p_10c_iter04.dat;1200;50;Limite_60s;ok/optimal;19493,5;0,0;23,81
bateria_pruebas\run_200p_10c_iter04.dat;1200;50;Limite_300s;ok/optimal;19493,5;0,0;23,8
bateria_pruebas\run_200p_10c_iter05.dat;1200;50;Limite_20s;ok/optimal;18810,5;0,0;2,64
bateria_pruebas\run_200p_10c_iter05.dat;1200;50;Limite_60s;ok/optimal;18810,5;0,0;2,63
bateria_pruebas\run_200p_10c_iter05.dat;1200;50;Limite_300s;ok/optimal;18810,5;0,0;2,63
bateria_pruebas\run_200p_10c_iter06.dat;1200;50;Limite_20s;aborted/maxTimeLimit;16905,0;0,137764;19,97
bateria_pruebas\run_200p_10c_iter06.dat;1200;50;Limite_60s;aborted/maxTimeLimit;16872,0;0,014164;60,01
bateria_pruebas\run_200p_10c_iter06.dat;1200;50;Limite_300s;aborted/maxTimeLimit;16853,5;0,013082;300,04
bateria_pruebas\run_200p_10c_iter07.dat;1200;50;Limite_20s;aborted/maxTimeLimit;20521,0;0,167732;20,07
bateria_pruebas\run_200p_10c_iter07.dat;1200;50;Limite_60s;aborted/maxTimeLimit;18214,5;0,033461;60,14
bateria_pruebas\run_200p_10c_iter07.dat;1200;50;Limite_300s;aborted/maxTimeLimit;18168,0;0,010415;300,17
bateria_pruebas\run_200p_10c_iter08.dat;1200;50;Limite_20s;aborted/maxTimeLimit;19369,00217462216;0,147076;19,98
bateria_pruebas\run_200p_10c_iter08.dat;1200;50;Limite_60s;aborted/maxTimeLimit;17514,5;0,011656;60,0
bateria_pruebas\run_200p_10c_iter08.dat;1200;50;Limite_300s;ok/optimal;17478,50217462216;0,0;143,18
bateria_pruebas\run_200p_10c_iter09.dat;1200;50;Limite_20s;aborted/maxTimeLimit;16916,5;0,038194;20,01
bateria_pruebas\run_200p_10c_iter09.dat;1200;50;Limite_60s;ok/optimal;16912,0;0,0;28,38
bateria_pruebas\run_200p_10c_iter09.dat;1200;50;Limite_300s;ok/optimal;16912,0;0,0;28,39
bateria_pruebas\run_200p_10c_iter10.dat;1200;50;Limite_20s;ok/optimal;19570,0;0,0;4,46
bateria_pruebas\run_200p_10c_iter10.dat;1200;50;Limite_60s;ok/optimal;19570,0;0,0;4,46
bateria_pruebas\run_200p_10c_iter10.dat;1200;50;Limite_300s;ok/optimal;19570,0;0,0;4,45
bateria_pruebas\run_200p_10c_iter11.dat;1200;50;Limite_20s;aborted/maxTimeLimit;17416,5;0,026796;20,01
bateria_pruebas\run_200p_10c_iter11.dat;1200;50;Limite_60s;ok/optimal;17416,5;0,0;29,89
bateria_pruebas\run_200p_10c_iter11.dat;1200;50;Limite_300s;ok/optimal;17416,5;0,0;29,92
bateria_pruebas\run_200p_10c_iter12.dat;1200;50;Limite_20s;ok/optimal;19437,5;0,0;3,33
bateria_pruebas\run_200p_10c_iter12.dat;1200;50;Limite_60s;ok/optimal;19437,5;0,0;3,34
bateria_pruebas\run_200p_10c_iter12.dat;1200;50;Limite_300s;ok/optimal;19437,5;0,0;3,33
bateria_pruebas\run_200p_10c_iter13.dat;1200;50;Limite_20s;ok/optimal;21053,0;0,0;7,93
bateria_pruebas\run_200p_10c_iter13.dat;1200;50;Limite_60s;ok/optimal;21053,0;0,0;7,91
bateria_pruebas\run_200p_10c_iter13.dat;1200;50;Limite_300s;ok/optimal;21053,0;0,0;7,92
bateria_pruebas\run_200p_10c_iter14.dat;1200;50;Limite_20s;ok/optimal;18631,5;0,0;2,82
bateria_pruebas\run_200p_10c_iter14.dat;1200;50;Limite_60s;ok/optimal;18631,5;0,0;2,82
bateria_pruebas\run_200p_10c_iter14.dat;1200;50;Limite_300s;ok/optimal;18631,5;0,0;2,81
bateria_pruebas\run_200p_10c_iter15.dat;1200;50;Limite_20s;aborted/maxTimeLimit;17813,5;0,124015;20,03
bateria_pruebas\run_200p_10c_iter15.dat;1200;50;Limite_60s;aborted/maxTimeLimit;17812,5;0,063172;60,08
bateria_pruebas\run_200p_10c_iter15.dat;1200;50;Limite_300s;aborted/maxTimeLimit;17786,5;0,056502;300,06
bateria_pruebas\run_200p_10c_iter16.dat;1200;50;Limite_20s;aborted/maxTimeLimit;16809,0;0,174099;20,14
bateria_pruebas\run_200p_10c_iter16.dat;1200;50;Limite_60s;aborted/maxTimeLimit;16787,0;0,068038;60,02
bateria_pruebas\run_200p_10c_iter16.dat;1200;50;Limite_300s;aborted/maxTimeLimit;16758,5;0,029356;300,05
bateria_pruebas\run_200p_10c_iter17.dat;1200;50;Limite_20s;aborted/maxTimeLimit;19304,0;0,11249;20,05
bateria_pruebas\run_200p_10c_iter17.dat;1200;50;Limite_60s;ok/optimal;18897,0;0,0;42,25
bateria_pruebas\run_200p_10c_iter17.dat;1200;50;Limite_300s;ok/optimal;18897,0;0,0;42,27
bateria_pruebas\run_200p_10c_iter18.dat;1200;50;Limite_20s;aborted/maxTimeLimit;16000,0;0,251546;20,17
bateria_pruebas\run_200p_10c_iter18.dat;1200;50;Limite_60s;aborted/maxTimeLimit;15996,0;0,017264;60,07
bateria_pruebas\run_200p_10c_iter18.dat;1200;50;Limite_300s;aborted/maxTimeLimit;15996,0;0,017264;300,11
bateria_pruebas\run_200p_10c_iter19.dat;1200;50;Limite_20s;ok/optimal;18985,0;0,0;2,9
bateria_pruebas\run_200p_10c_iter19.dat;1200;50;Limite_60s;ok/optimal;18985,0;0,0;2,89
bateria_pruebas\run_200p_10c_iter19.dat;1200;50;Limite_300s;ok/optimal;18985,0;0,0;2,9
bateria_pruebas\run_200p_10c_iter20.dat;1200;50;Limite_20s;aborted/maxTimeLimit;17374,5;0,113268;19,99
bateria_pruebas\run_200p_10c_iter20.dat;1200;50;Limite_60s;ok/optimal;17374,5;0,0;35,41
bateria_pruebas\run_200p_10c_iter20.dat;1200;50;Limite_300s;ok/optimal;17374,5;0,0;35,27
bateria_pruebas\run_200p_10c_iter21.dat;1200;50;Limite_20s;ok/optimal;14914,5;0,0;5,28
bateria_pruebas\run_200p_10c_iter21.dat;1200;50;Limite_60s;ok/optimal;14914,5;0,0;5,25
bateria_pruebas\run_200p_10c_iter21.dat;1200;50;Limite_300s;ok/optimal;14914,5;0,0;5,31
bateria_pruebas\run_200p_10c_iter22.dat;1200;50;Limite_20s;ok/optimal;20901,5;0,0;2,84
bateria_pruebas\run_200p_10c_iter22.dat;1200;50;Limite_60s;ok/optimal;20901,5;0,0;2,84
bateria_pruebas\run_200p_10c_iter22.dat;1200;50;Limite_300s;ok/optimal;20901,5;0,0;2,81
bateria_pruebas\run_200p_10c_iter23.dat;1200;50;Limite_20s;aborted/maxTimeLimit;16820,5;0,032679;20,03
bateria_pruebas\run_200p_10c_iter23.dat;1200;50;Limite_60s;ok/optimal;16820,5;0,0;23,4
bateria_pruebas\run_200p_10c_iter23.dat;1200;50;Limite_300s;ok/optimal;16820,5;0,0;23,35
bateria_pruebas\run_200p_10c_iter24.dat;1200;50;Limite_20s;aborted/maxTimeLimit;16945,5;0,110192;20,0
bateria_pruebas\run_200p_10c_iter24.dat;1200;50;Limite_60s;ok/optimal;16945,5;0,0;23,77
bateria_pruebas\run_200p_10c_iter24.dat;1200;50;Limite_300s;ok/optimal;16945,5;0,0;23,82
bateria_pruebas\run_200p_10c_iter25.dat;1200;50;Limite_20s;aborted/maxTimeLimit;20573,0;0,054092;20,03
bateria_pruebas\run_200p_10c_iter25.dat;1200;50;Limite_60s;ok/optimal;20573,0;0,0;26,17
bateria_pruebas\run_200p_10c_iter25.dat;1200;50;Limite_300s;ok/optimal;20573,0;0,0;26,17
bateria_pruebas\run_200p_10c_iter26.dat;1200;50;Limite_20s;ok/optimal;20226,5;0,0;3,98
bateria_pruebas\run_200p_10c_iter26.dat;1200;50;Limite_60s;ok/optimal;20226,5;0,0;3,97
bateria_pruebas\run_200p_10c_iter26.dat;1200;50;Limite_300s;ok/optimal;20226,5;0,0;3,99
bateria_pruebas\run_200p_10c_iter27.dat;1200;50;Limite_20s;ok/optimal;20567,0;0,0;4,16
bateria_pruebas\run_200p_10c_iter27.dat;1200;50;Limite_60s;ok/optimal;20567,0;0,0;4,14
bateria_pruebas\run_200p_10c_iter27.dat;1200;50;Limite_300s;ok/optimal;20567,0;0,0;4,15
bateria_pruebas\run_200p_10c_iter28.dat;1200;50;Limite_20s;ok/optimal;20280,0;0,0;6,33
bateria_pruebas\run_200p_10c_iter28.dat;1200;50;Limite_60s;ok/optimal;20280,0;0,0;6,38
bateria_pruebas\run_200p_10c_iter28.dat;1200;50;Limite_300s;ok/optimal;20280,0;0,0;6,35
bateria_pruebas\run_200p_10c_iter29.dat;1200;50;Limite_20s;ok/optimal;18272,5;0,0;6,13
bateria_pruebas\run_200p_10c_iter29.dat;1200;50;Limite_60s;ok/optimal;18272,5;0,0;6,15
bateria_pruebas\run_200p_10c_iter29.dat;1200;50;Limite_300s;ok/optimal;18272,5;0,0;6,16
bateria_pruebas\run_200p_10c_iter30.dat;1200;50;Limite_20s;aborted/maxTimeLimit;18983,5;0,205188;20,07
bateria_pruebas\run_200p_10c_iter30.dat;1200;50;Limite_60s;ok/optimal;18983,5;0,0;28,84
bateria_pruebas\run_200p_10c_iter30.dat;1200;50;Limite_300s;ok/optimal;18983,5;0,0;28,84
bateria_pruebas\run_400p_10c_iter01.dat;2400;50;Limite_20s;aborted/maxTimeLimit;56519,0;0,068424;19,82
bateria_pruebas\run_400p_10c_iter01.dat;2400;50;Limite_60s;aborted/maxTimeLimit;56492,0;0,055845;59,88
bateria_pruebas\run_400p_10c_iter01.dat;2400;50;Limite_300s;aborted/maxTimeLimit;56488,5;0,052394;299,85
bateria_pruebas\run_400p_10c_iter02.dat;2400;50;Limite_20s;aborted/maxTimeLimit;50426,5;0,045661;19,84
bateria_pruebas\run_400p_10c_iter02.dat;2400;50;Limite_60s;ok/optimal;50409,5;0,0;59,18
bateria_pruebas\run_400p_10c_iter02.dat;2400;50;Limite_300s;ok/optimal;50409,5;0,0;59,13
bateria_pruebas\run_400p_10c_iter03.dat;2400;50;Limite_20s;aborted/maxTimeLimit;56941,5;0,043776;20,12
bateria_pruebas\run_400p_10c_iter03.dat;2400;50;Limite_60s;ok/optimal;56941,5;0,0;33,05
bateria_pruebas\run_400p_10c_iter03.dat;2400;50;Limite_300s;ok/optimal;56941,5;0,0;33,06
bateria_pruebas\run_400p_10c_iter04.dat;2400;50;Limite_20s;ok/optimal;56560,5;0,0;7,62
bateria_pruebas\run_400p_10c_iter04.dat;2400;50;Limite_60s;ok/optimal;56560,5;0,0;7,65
bateria_pruebas\run_400p_10c_iter04.dat;2400;50;Limite_300s;ok/optimal;56560,5;0,0;7,62
bateria_pruebas\run_400p_10c_iter05.dat;2400;50;Limite_20s;aborted/maxTimeLimit;47676,5;0,021551;19,82
bateria_pruebas\run_400p_10c_iter05.dat;2400;50;Limite_60s;ok/optimal;47669,0;0,0;36,89
bateria_pruebas\run_400p_10c_iter05.dat;2400;50;Limite_300s;ok/optimal;47669,0;0,0;36,92
bateria_pruebas\run_400p_10c_iter06.dat;2400;50;Limite_20s;aborted/maxTimeLimit;48611,0;0,036383;19,84
bateria_pruebas\run_400p_10c_iter06.dat;2400;50;Limite_60s;ok/optimal;48611,0;0,0;46,59
bateria_pruebas\run_400p_10c_iter06.dat;2400;50;Limite_300s;ok/optimal;48611,0;0,0;46,63
bateria_pruebas\run_400p_10c_iter07.dat;2400;50;Limite_20s;aborted/maxTimeLimit;53015,5;0,044155;19,82
bateria_pruebas\run_400p_10c_iter07.dat;2400;50;Limite_60s;aborted/maxTimeLimit;53015,5;0,039139;59,85
bateria_pruebas\run_400p_10c_iter07.dat;2400;50;Limite_300s;aborted/maxTimeLimit;53010,5;0,03176;299,88
bateria_pruebas\run_400p_10c_iter08.dat;2400;50;Limite_20s;aborted/maxTimeLimit;51098,5;0,026572;19,78
bateria_pruebas\run_400p_10c_iter08.dat;2400;50;Limite_60s;ok/optimal;51098,5;0,0;21,81
bateria_pruebas\run_400p_10c_iter08.dat;2400;50;Limite_300s;ok/optimal;51098,5;0,0;21,79
bateria_pruebas\run_400p_10c_iter09.dat;2400;50;Limite_20s;aborted/maxTimeLimit;48863,0;0,063151;19,94
bateria_pruebas\run_400p_10c_iter09.dat;2400;50;Limite_60s;ok/optimal;48206,0;0,0;43,5
bateria_pruebas\run_400p_10c_iter09.dat;2400;50;Limite_300s;ok/optimal;48206,0;0,0;43,4
bateria_pruebas\run_400p_10c_iter10.dat;2400;50;Limite_20s;aborted/maxTimeLimit;52741,5;0,02627;19,8
bateria_pruebas\run_400p_10c_iter10.dat;2400;50;Limite_60s;ok/optimal;52738,0;0,0;46,1
bateria_pruebas\run_400p_10c_iter10.dat;2400;50;Limite_300s;ok/optimal;52738,0;0,0;46,02
bateria_pruebas\run_400p_10c_iter11.dat;2400;50;Limite_20s;ok/optimal;51992,0;0,0;16,26
bateria_pruebas\run_400p_10c_iter11.dat;2400;50;Limite_60s;ok/optimal;51992,0;0,0;16,18
bateria_pruebas\run_400p_10c_iter11.dat;2400;50;Limite_300s;ok/optimal;51992,0;0,0;16,2
bateria_pruebas\run_400p_10c_iter12.dat;2400;50;Limite_20s;aborted/maxTimeLimit;46537,5;0,018;19,81
bateria_pruebas\run_400p_10c_iter12.dat;2400;50;Limite_60s;aborted/maxTimeLimit;46537,5;0,018;59,83
bateria_pruebas\run_400p_10c_iter12.dat;2400;50;Limite_300s;ok/optimal;46537,5;0,0;84,86
bateria_pruebas\run_400p_10c_iter13.dat;2400;50;Limite_20s;aborted/maxTimeLimit;48330,5;0,046172;19,81
bateria_pruebas\run_400p_10c_iter13.dat;2400;50;Limite_60s;ok/optimal;48330,5;0,0;45,73
bateria_pruebas\run_400p_10c_iter13.dat;2400;50;Limite_300s;ok/optimal;48330,5;0,0;45,86
bateria_pruebas\run_400p_10c_iter14.dat;2400;50;Limite_20s;ok/optimal;46982,5;0,0;16,46
bateria_pruebas\run_400p_10c_iter14.dat;2400;50;Limite_60s;ok/optimal;46982,5;0,0;16,45
bateria_pruebas\run_400p_10c_iter14.dat;2400;50;Limite_300s;ok/optimal;46982,5;0,0;16,43
bateria_pruebas\run_400p_10c_iter15.dat;2400;50;Limite_20s;aborted/maxTimeLimit;53045,0;0,025285;19,86
bateria_pruebas\run_400p_10c_iter15.dat;2400;50;Limite_60s;ok/optimal;53045,0;0,0;39,58
bateria_pruebas\run_400p_10c_iter15.dat;2400;50;Limite_300s;ok/optimal;53045,0;0,0;39,53
bateria_pruebas\run_400p_10c_iter16.dat;2400;50;Limite_20s;ok/optimal;49079,5;0,0;18,7
bateria_pruebas\run_400p_10c_iter16.dat;2400;50;Limite_60s;ok/optimal;49079,5;0,0;18,76
bateria_pruebas\run_400p_10c_iter16.dat;2400;50;Limite_300s;ok/optimal;49079,5;0,0;18,69
bateria_pruebas\run_400p_10c_iter17.dat;2400;50;Limite_20s;aborted/maxTimeLimit;52915,0;0,038944;19,8
bateria_pruebas\run_400p_10c_iter17.dat;2400;50;Limite_60s;ok/optimal;52915,0;0,0;28,28
bateria_pruebas\run_400p_10c_iter17.dat;2400;50;Limite_300s;ok/optimal;52915,0;0,0;28,48
bateria_pruebas\run_400p_10c_iter18.dat;2400;50;Limite_20s;aborted/maxTimeLimit;51722,0;0,03814;19,83
bateria_pruebas\run_400p_10c_iter18.dat;2400;50;Limite_60s;aborted/maxTimeLimit;51722,0;0,02658;59,81
bateria_pruebas\run_400p_10c_iter18.dat;2400;50;Limite_300s;aborted/maxTimeLimit;51722,0;0,012191;299,86
bateria_pruebas\run_400p_10c_iter19.dat;2400;50;Limite_20s;aborted/maxTimeLimit;52482,0;0,032109;19,81
bateria_pruebas\run_400p_10c_iter19.dat;2400;50;Limite_60s;ok/optimal;52480,0;0,0;41,37
bateria_pruebas\run_400p_10c_iter19.dat;2400;50;Limite_300s;ok/optimal;52480,0;0,0;41,55
bateria_pruebas\run_400p_10c_iter20.dat;2400;50;Limite_20s;aborted/maxTimeLimit;45283,5;0,045173;19,84
bateria_pruebas\run_400p_10c_iter20.dat;2400;50;Limite_60s;aborted/maxTimeLimit;45273,5;0,044962;60,11
bateria_pruebas\run_400p_10c_iter20.dat;2400;50;Limite_300s;ok/optimal;45273,5;0,0;229,53
bateria_pruebas\run_400p_10c_iter21.dat;2400;50;Limite_20s;aborted/maxTimeLimit;58182,5;0,037333;19,79
bateria_pruebas\run_400p_10c_iter21.dat;2400;50;Limite_60s;aborted/maxTimeLimit;58182,5;0,037333;59,79
bateria_pruebas\run_400p_10c_iter21.dat;2400;50;Limite_300s;ok/optimal;58182,5;0,0;118,58
bateria_pruebas\run_400p_10c_iter22.dat;2400;50;Limite_20s;aborted/maxTimeLimit;48378,5;0,070384;19,84
bateria_pruebas\run_400p_10c_iter22.dat;2400;50;Limite_60s;ok/optimal;48376,0;0,0;47,63
bateria_pruebas\run_400p_10c_iter22.dat;2400;50;Limite_300s;ok/optimal;48376,0;0,0;47,75
bateria_pruebas\run_400p_10c_iter23.dat;2400;50;Limite_20s;aborted/maxTimeLimit;50484,5;0,048114;19,82
bateria_pruebas\run_400p_10c_iter23.dat;2400;50;Limite_60s;aborted/maxTimeLimit;50420,5;0,046906;59,82
bateria_pruebas\run_400p_10c_iter23.dat;2400;50;Limite_300s;ok/optimal;50420,5;0,0;115,5
bateria_pruebas\run_400p_10c_iter24.dat;2400;50;Limite_20s;aborted/maxTimeLimit;54438,0;0,027372;19,8
bateria_pruebas\run_400p_10c_iter24.dat;2400;50;Limite_60s;aborted/maxTimeLimit;54338,5;0,012742;59,89
bateria_pruebas\run_400p_10c_iter24.dat;2400;50;Limite_300s;ok/optimal;54338,5;0,0;67,07
bateria_pruebas\run_400p_10c_iter25.dat;2400;50;Limite_20s;aborted/maxTimeLimit;47242,5;0,021899;19,82
bateria_pruebas\run_400p_10c_iter25.dat;2400;50;Limite_60s;ok/optimal;47242,5;0,0;41,42
bateria_pruebas\run_400p_10c_iter25.dat;2400;50;Limite_300s;ok/optimal;47242,5;0,0;41,55
bateria_pruebas\run_400p_10c_iter26.dat;2400;50;Limite_20s;aborted/maxTimeLimit;48442,0;0,034399;19,81
bateria_pruebas\run_400p_10c_iter26.dat;2400;50;Limite_60s;ok/optimal;48431,5;0,0;56,62
bateria_pruebas\run_400p_10c_iter26.dat;2400;50;Limite_300s;ok/optimal;48431,5;0,0;56,58
bateria_pruebas\run_400p_10c_iter27.dat;2400;50;Limite_20s;ok/optimal;54864,5;0,0;18,81
bateria_pruebas\run_400p_10c_iter27.dat;2400;50;Limite_60s;ok/optimal;54864,5;0,0;18,75
bateria_pruebas\run_400p_10c_iter27.dat;2400;50;Limite_300s;ok/optimal;54864,5;0,0;18,75
bateria_pruebas\run_400p_10c_iter28.dat;2400;50;Limite_20s;ok/optimal;59996,0;0,0;5,03
bateria_pruebas\run_400p_10c_iter28.dat;2400;50;Limite_60s;ok/optimal;59996,0;0,0;5,03
bateria_pruebas\run_400p_10c_iter28.dat;2400;50;Limite_300s;ok/optimal;59996,0;0,0;5,06
bateria_pruebas\run_400p_10c_iter29.dat;2400;50;Limite_20s;aborted/maxTimeLimit;49426,0;0,037988;19,83
bateria_pruebas\run_400p_10c_iter29.dat;2400;50;Limite_60s;aborted/maxTimeLimit;49423,0;0,03793;59,85
bateria_pruebas\run_400p_10c_iter29.dat;2400;50;Limite_300s;ok/optimal;49423,0;0,0;74,94
bateria_pruebas\run_400p_10c_iter30.dat;2400;50;Limite_20s;aborted/maxTimeLimit;54296,0;0,030716;19,85
bateria_pruebas\run_400p_10c_iter30.dat;2400;50;Limite_60s;ok/optimal;54280,0;0,0;21,54
bateria_pruebas\run_400p_10c_iter30.dat;2400;50;Limite_300s;ok/optimal;54280,0;0,0;21,65
bateria_pruebas\run_400p_20c_iter01.dat;2400;100;Limite_20s;aborted/maxTimeLimit;42516,5;0,308621;19,97
bateria_pruebas\run_400p_20c_iter01.dat;2400;100;Limite_60s;aborted/maxTimeLimit;38633,5;0,098102;59,56
bateria_pruebas\run_400p_20c_iter01.dat;2400;100;Limite_300s;ok/optimal;38219,5;0,0;242,33
bateria_pruebas\run_400p_20c_iter02.dat;2400;100;Limite_20s;aborted/maxTimeLimit;36834,01522235511;0,362552;19,57
bateria_pruebas\run_400p_20c_iter02.dat;2400;100;Limite_60s;aborted/maxTimeLimit;33509,5;0,139261;59,58
bateria_pruebas\run_400p_20c_iter02.dat;2400;100;Limite_300s;aborted/maxTimeLimit;32877,0;0,015361;299,59
bateria_pruebas\run_400p_20c_iter03.dat;2400;100;Limite_20s;aborted/maxTimeLimit;46114,51739697727;0,414701;19,67
bateria_pruebas\run_400p_20c_iter03.dat;2400;100;Limite_60s;aborted/maxTimeLimit;35998,5;0,142953;59,58
bateria_pruebas\run_400p_20c_iter03.dat;2400;100;Limite_300s;aborted/maxTimeLimit;35696,0;0,099442;299,75
bateria_pruebas\run_400p_20c_iter04.dat;2400;100;Limite_20s;aborted/maxTimeLimit;44141,5;0,256264;20,81
bateria_pruebas\run_400p_20c_iter04.dat;2400;100;Limite_60s;aborted/maxTimeLimit;42546,0;0,027255;59,61
bateria_pruebas\run_400p_20c_iter04.dat;2400;100;Limite_300s;ok/optimal;42546,0;0,0;190,41
bateria_pruebas\run_400p_20c_iter05.dat;2400;100;Limite_20s;aborted/maxTimeLimit;44116,03044471023;0,155185;19,65
bateria_pruebas\run_400p_20c_iter05.dat;2400;100;Limite_60s;ok/optimal;39076,0;0,0;35,24
bateria_pruebas\run_400p_20c_iter05.dat;2400;100;Limite_300s;ok/optimal;39076,0;0,0;35,22
bateria_pruebas\run_400p_20c_iter06.dat;2400;100;Limite_20s;aborted/maxTimeLimit;58943,5587147983;0,369096;20,16
bateria_pruebas\run_400p_20c_iter06.dat;2400;100;Limite_60s;aborted/maxTimeLimit;42582,5;0,111029;59,54
bateria_pruebas\run_400p_20c_iter06.dat;2400;100;Limite_300s;aborted/maxTimeLimit;42582,5;0,10205;299,58
bateria_pruebas\run_400p_20c_iter07.dat;2400;100;Limite_20s;aborted/maxTimeLimit;47412,0695879091;0,442834;19,72
bateria_pruebas\run_400p_20c_iter07.dat;2400;100;Limite_60s;aborted/maxTimeLimit;33172,5;0,203667;59,64
bateria_pruebas\run_400p_20c_iter07.dat;2400;100;Limite_300s;aborted/maxTimeLimit;31858,0;0,031631;299,68
bateria_pruebas\run_400p_20c_iter08.dat;2400;100;Limite_20s;aborted/maxTimeLimit;43717,0;0,213789;19,64
bateria_pruebas\run_400p_20c_iter08.dat;2400;100;Limite_60s;aborted/maxTimeLimit;35919,5;0,043117;59,5
bateria_pruebas\run_400p_20c_iter08.dat;2400;100;Limite_300s;ok/optimal;35919,5;0,0;130,7
bateria_pruebas\run_400p_20c_iter09.dat;2400;100;Limite_20s;aborted/maxTimeLimit;49439,04349244319;0,34233;19,54
bateria_pruebas\run_400p_20c_iter09.dat;2400;100;Limite_60s;aborted/maxTimeLimit;38781,5;0,137315;59,55
bateria_pruebas\run_400p_20c_iter09.dat;2400;100;Limite_300s;aborted/maxTimeLimit;38728,5;0,074658;299,65
bateria_pruebas\run_400p_20c_iter10.dat;2400;100;Limite_20s;aborted/maxTimeLimit;44974,0;0,331892;19,8
bateria_pruebas\run_400p_20c_iter10.dat;2400;100;Limite_60s;aborted/maxTimeLimit;44974,0;0,237156;59,71
bateria_pruebas\run_400p_20c_iter10.dat;2400;100;Limite_300s;aborted/maxTimeLimit;38494,5;0,043402;299,67
bateria_pruebas\run_400p_20c_iter11.dat;2400;100;Limite_20s;aborted/maxTimeLimit;49902,08263564206;0,363129;19,73
bateria_pruebas\run_400p_20c_iter11.dat;2400;100;Limite_60s;aborted/maxTimeLimit;33918,5;0,052646;59,56
bateria_pruebas\run_400p_20c_iter11.dat;2400;100;Limite_300s;ok/optimal;33914,5;0,0;123,02
bateria_pruebas\run_400p_20c_iter12.dat;2400;100;Limite_20s;aborted/maxTimeLimit;44619,04131782103;0,367544;19,72
bateria_pruebas\run_400p_20c_iter12.dat;2400;100;Limite_60s;aborted/maxTimeLimit;38059,5;0,034266;59,63
bateria_pruebas\run_400p_20c_iter12.dat;2400;100;Limite_300s;ok/optimal;38059,5;0,0;62,54
bateria_pruebas\run_400p_20c_iter13.dat;2400;100;Limite_20s;aborted/maxTimeLimit;60361,523920843756;0,343883;19,85
bateria_pruebas\run_400p_20c_iter13.dat;2400;100;Limite_60s;aborted/maxTimeLimit;42270,50217462216;0,052327;59,63
bateria_pruebas\run_400p_20c_iter13.dat;2400;100;Limite_300s;aborted/maxTimeLimit;41988,5;0,02854;299,7
bateria_pruebas\run_400p_20c_iter14.dat;2400;100;Limite_20s;aborted/maxTimeLimit;46606,0;0,522757;19,7
bateria_pruebas\run_400p_20c_iter14.dat;2400;100;Limite_60s;ok/optimal;32751,0;0,0;43,26
bateria_pruebas\run_400p_20c_iter14.dat;2400;100;Limite_300s;ok/optimal;32751,0;0,0;43,1
bateria_pruebas\run_400p_20c_iter15.dat;2400;100;Limite_20s;aborted/maxTimeLimit;45400,576111775576;0,28309;19,6
bateria_pruebas\run_400p_20c_iter15.dat;2400;100;Limite_60s;ok/optimal;34169,0;0,0;30,49
bateria_pruebas\run_400p_20c_iter15.dat;2400;100;Limite_300s;ok/optimal;34169,0;0,0;30,61
bateria_pruebas\run_400p_20c_iter16.dat;2400;100;Limite_20s;aborted/maxTimeLimit;46130,53044471023;0,447869;19,7
bateria_pruebas\run_400p_20c_iter16.dat;2400;100;Limite_60s;aborted/maxTimeLimit;37813,0;0,179717;59,5
bateria_pruebas\run_400p_20c_iter16.dat;2400;100;Limite_300s;aborted/maxTimeLimit;34245,5;0,073477;299,55
bateria_pruebas\run_400p_20c_iter17.dat;2400;100;Limite_20s;aborted/maxTimeLimit;54403,550016309666;0,327713;20,37
bateria_pruebas\run_400p_20c_iter17.dat;2400;100;Limite_60s;aborted/maxTimeLimit;43040,5;0,018192;59,61
bateria_pruebas\run_400p_20c_iter17.dat;2400;100;Limite_300s;ok/optimal;43040,5;0,0;146,76
bateria_pruebas\run_400p_20c_iter18.dat;2400;100;Limite_20s;aborted/maxTimeLimit;57493,0;0,344075;19,68
bateria_pruebas\run_400p_20c_iter18.dat;2400;100;Limite_60s;aborted/maxTimeLimit;39234,0;0,032429;59,63
bateria_pruebas\run_400p_20c_iter18.dat;2400;100;Limite_300s;ok/optimal;39234,0;0,0;69,85
bateria_pruebas\run_400p_20c_iter19.dat;2400;100;Limite_20s;aborted/maxTimeLimit;40932,5;0,234294;19,59
bateria_pruebas\run_400p_20c_iter19.dat;2400;100;Limite_60s;aborted/maxTimeLimit;34867,5;0,017833;59,53
bateria_pruebas\run_400p_20c_iter19.dat;2400;100;Limite_300s;ok/optimal;34867,5;0,0;142,75
bateria_pruebas\run_400p_20c_iter20.dat;2400;100;Limite_20s;aborted/maxTimeLimit;46662,05654017614;0,40715;20,18
bateria_pruebas\run_400p_20c_iter20.dat;2400;100;Limite_60s;aborted/maxTimeLimit;36223,5;0,085774;59,49
bateria_pruebas\run_400p_20c_iter20.dat;2400;100;Limite_300s;aborted/maxTimeLimit;36198,0;0,070886;299,58
bateria_pruebas\run_400p_20c_iter21.dat;2400;100;Limite_20s;aborted/maxTimeLimit;56041,5;0,432971;20,37
bateria_pruebas\run_400p_20c_iter21.dat;2400;100;Limite_60s;aborted/maxTimeLimit;37808,5;0,114507;59,9
bateria_pruebas\run_400p_20c_iter21.dat;2400;100;Limite_300s;aborted/maxTimeLimit;36251,0;0,048147;299,92
bateria_pruebas\run_400p_20c_iter22.dat;2400;100;Limite_20s;aborted/maxTimeLimit;49860,5;0,437404;20,01
bateria_pruebas\run_400p_20c_iter22.dat;2400;100;Limite_60s;ok/optimal;35642,5;0,0;25,98
bateria_pruebas\run_400p_20c_iter22.dat;2400;100;Limite_300s;ok/optimal;35642,5;0,0;26,08
bateria_pruebas\run_400p_20c_iter23.dat;2400;100;Limite_20s;aborted/maxTimeLimit;41195,0;0,270263;19,72
bateria_pruebas\run_400p_20c_iter23.dat;2400;100;Limite_60s;aborted/maxTimeLimit;32771,5;0,082693;59,6
bateria_pruebas\run_400p_20c_iter23.dat;2400;100;Limite_300s;aborted/maxTimeLimit;32771,5;0,047544;299,64
bateria_pruebas\run_400p_20c_iter24.dat;2400;100;Limite_20s;aborted/maxTimeLimit;52670,00652386648;0,219795;19,74
bateria_pruebas\run_400p_20c_iter24.dat;2400;100;Limite_60s;aborted/maxTimeLimit;46424,0;0,106497;59,61
bateria_pruebas\run_400p_20c_iter24.dat;2400;100;Limite_300s;aborted/maxTimeLimit;46319,0;0,084135;299,85
bateria_pruebas\run_400p_20c_iter25.dat;2400;100;Limite_20s;aborted/maxTimeLimit;45147,58698488638;0,370827;20,13
bateria_pruebas\run_400p_20c_iter25.dat;2400;100;Limite_60s;aborted/maxTimeLimit;34740,0;0,013998;59,57
bateria_pruebas\run_400p_20c_iter25.dat;2400;100;Limite_300s;ok/optimal;34740,0;0,0;140,97
bateria_pruebas\run_400p_20c_iter26.dat;2400;100;Limite_20s;aborted/maxTimeLimit;55836,0;0,451759;20,11
bateria_pruebas\run_400p_20c_iter26.dat;2400;100;Limite_60s;aborted/maxTimeLimit;36782,0;0,042221;59,55
bateria_pruebas\run_400p_20c_iter26.dat;2400;100;Limite_300s;ok/optimal;36741,5;0,0;229,58
bateria_pruebas\run_400p_20c_iter27.dat;2400;100;Limite_20s;aborted/maxTimeLimit;50390,55219093183;0,267213;19,48
bateria_pruebas\run_400p_20c_iter27.dat;2400;100;Limite_60s;aborted/maxTimeLimit;41243,0;0,078584;59,47
bateria_pruebas\run_400p_20c_iter27.dat;2400;100;Limite_300s;aborted/maxTimeLimit;41228,0;0,067942;299,59
bateria_pruebas\run_400p_20c_iter28.dat;2400;100;Limite_20s;aborted/maxTimeLimit;39991,03044471023;0,383445;19,8
bateria_pruebas\run_400p_20c_iter28.dat;2400;100;Limite_60s;ok/optimal;35477,5;0,0;31,07
bateria_pruebas\run_400p_20c_iter28.dat;2400;100;Limite_300s;ok/optimal;35477,5;0,0;30,97
bateria_pruebas\run_400p_20c_iter29.dat;2400;100;Limite_20s;aborted/maxTimeLimit;56353,0;0,467953;19,85
bateria_pruebas\run_400p_20c_iter29.dat;2400;100;Limite_60s;aborted/maxTimeLimit;34588,5;0,133167;59,58
bateria_pruebas\run_400p_20c_iter29.dat;2400;100;Limite_300s;aborted/maxTimeLimit;32839,5;0,014631;299,64
bateria_pruebas\run_400p_20c_iter30.dat;2400;100;Limite_20s;aborted/maxTimeLimit;47933,065238664785;0,4931;20,19
bateria_pruebas\run_400p_20c_iter30.dat;2400;100;Limite_60s;aborted/maxTimeLimit;33531,0;0,074614;59,54
bateria_pruebas\run_400p_20c_iter30.dat;2400;100;Limite_300s;aborted/maxTimeLimit;33252,5;0,014949;299,55
bateria_pruebas\run_400p_25c_iter01.dat;2400;125;Limite_20s;aborted/maxTimeLimit;58888,5;0,65866;20,49
bateria_pruebas\run_400p_25c_iter01.dat;2400;125;Limite_60s;aborted/maxTimeLimit;33448,0;0,015302;59,25
bateria_pruebas\run_400p_25c_iter01.dat;2400;125;Limite_300s;ok/optimal;33437,0;0,0;156,24
bateria_pruebas\run_400p_25c_iter02.dat;2400;125;Limite_20s;aborted/maxTimeLimit;41549,0;0,688806;19,59
bateria_pruebas\run_400p_25c_iter02.dat;2400;125;Limite_60s;aborted/maxTimeLimit;26594,0;0,172197;59,53
bateria_pruebas\run_400p_25c_iter02.dat;2400;125;Limite_300s;aborted/maxTimeLimit;26566,0;0,150013;299,46
bateria_pruebas\run_400p_25c_iter03.dat;2400;125;Limite_20s;aborted/maxTimeLimit;48522,132651951724;0,728098;19,42
bateria_pruebas\run_400p_25c_iter03.dat;2400;125;Limite_60s;aborted/maxTimeLimit;46261,5108731108;0,524526;59,53
bateria_pruebas\run_400p_25c_iter03.dat;2400;125;Limite_300s;aborted/maxTimeLimit;26549,0;0,171488;299,4
bateria_pruebas\run_400p_25c_iter04.dat;2400;125;Limite_20s;aborted/maxTimeLimit;55022,0;0,680717;21,83
bateria_pruebas\run_400p_25c_iter04.dat;2400;125;Limite_60s;aborted/maxTimeLimit;33389,50434924432;0,212992;59,86
bateria_pruebas\run_400p_25c_iter04.dat;2400;125;Limite_300s;aborted/maxTimeLimit;32521,0;0,105082;299,51
bateria_pruebas\run_400p_25c_iter05.dat;2400;125;Limite_20s;aborted/maxTimeLimit;41022,0695879091;0,628359;19,53
bateria_pruebas\run_400p_25c_iter05.dat;2400;125;Limite_60s;aborted/maxTimeLimit;41022,0695879091;0,452308;59,87
bateria_pruebas\run_400p_25c_iter05.dat;2400;125;Limite_300s;aborted/maxTimeLimit;28561,50217462216;0,1345;299,68
bateria_pruebas\run_400p_25c_iter06.dat;2400;125;Limite_20s;aborted/maxTimeLimit;29503,5;0,452957;19,36
bateria_pruebas\run_400p_25c_iter06.dat;2400;125;Limite_60s;aborted/maxTimeLimit;28783,0;0,06682;59,59
bateria_pruebas\run_400p_25c_iter06.dat;2400;125;Limite_300s;ok/optimal;28714,0;0,0;257,08
bateria_pruebas\run_400p_25c_iter07.dat;2400;125;Limite_20s;aborted/maxTimeLimit;54170,5;0,733926;19,45
bateria_pruebas\run_400p_25c_iter07.dat;2400;125;Limite_60s;aborted/maxTimeLimit;27909,0;0,068569;59,39
bateria_pruebas\run_400p_25c_iter07.dat;2400;125;Limite_300s;aborted/maxTimeLimit;27871,5;0,037561;299,51
bateria_pruebas\run_400p_25c_iter08.dat;2400;125;Limite_20s;aborted/maxTimeLimit;47618,08698488638;0,600198;19,28
bateria_pruebas\run_400p_25c_iter08.dat;2400;125;Limite_60s;aborted/maxTimeLimit;36903,51739697727;0,269009;59,62
bateria_pruebas\run_400p_25c_iter08.dat;2400;125;Limite_300s;aborted/maxTimeLimit;33352,01739697727;0,162889;299,31
bateria_pruebas\run_400p_25c_iter09.dat;2400;125;Limite_20s;aborted/maxTimeLimit;49271,119604218766;0,685528;19,43
bateria_pruebas\run_400p_25c_iter09.dat;2400;125;Limite_60s;aborted/maxTimeLimit;28417,50434924432;0,150252;59,36
bateria_pruebas\run_400p_25c_iter09.dat;2400;125;Limite_300s;aborted/maxTimeLimit;27526,5;0,107362;299,67
bateria_pruebas\run_400p_25c_iter10.dat;2400;125;Limite_20s;aborted/maxTimeLimit;50941,5;0,679704;21,32
bateria_pruebas\run_400p_25c_iter10.dat;2400;125;Limite_60s;aborted/maxTimeLimit;31699,0;0,185244;59,41
bateria_pruebas\run_400p_25c_iter10.dat;2400;125;Limite_300s;aborted/maxTimeLimit;29678,508698488637;0,045271;299,41
bateria_pruebas\run_400p_25c_iter11.dat;2400;125;Limite_20s;aborted/maxTimeLimit;37207,50869848864;0,620404;19,45
bateria_pruebas\run_400p_25c_iter11.dat;2400;125;Limite_60s;aborted/maxTimeLimit;30698,5;0,211823;59,48
bateria_pruebas\run_400p_25c_iter11.dat;2400;125;Limite_300s;aborted/maxTimeLimit;26808,5;0,021177;299,34
bateria_pruebas\run_400p_25c_iter12.dat;2400;125;Limite_20s;aborted/maxTimeLimit;58336,534793954546;0,689991;20,18
bateria_pruebas\run_400p_25c_iter12.dat;2400;125;Limite_60s;aborted/maxTimeLimit;45703,5108731108;0,495719;59,41
bateria_pruebas\run_400p_25c_iter12.dat;2400;125;Limite_300s;aborted/maxTimeLimit;29550,5;0,179753;299,74
bateria_pruebas\run_400p_25c_iter13.dat;2400;125;Limite_20s;aborted/maxTimeLimit;55319,53044471023;0,815955;19,51
bateria_pruebas\run_400p_25c_iter13.dat;2400;125;Limite_60s;aborted/maxTimeLimit;26991,5;0,286278;59,29
bateria_pruebas\run_400p_25c_iter13.dat;2400;125;Limite_300s;aborted/maxTimeLimit;26321,0;0,190677;299,61
bateria_pruebas\run_400p_25c_iter14.dat;2400;125;Limite_20s;aborted/maxTimeLimit;60192,0;0,627829;19,46
bateria_pruebas\run_400p_25c_iter14.dat;2400;125;Limite_60s;aborted/maxTimeLimit;36539,50217462216;0,131401;59,13
bateria_pruebas\run_400p_25c_iter14.dat;2400;125;Limite_300s;aborted/maxTimeLimit;36186,5;0,087172;299,21
bateria_pruebas\run_400p_25c_iter15.dat;2400;125;Limite_20s;aborted/maxTimeLimit;60284,519571599434;0,663545;19,43
bateria_pruebas\run_400p_25c_iter15.dat;2400;125;Limite_60s;aborted/maxTimeLimit;35021,00217462216;0,134831;59,36
bateria_pruebas\run_400p_25c_iter15.dat;2400;125;Limite_300s;aborted/maxTimeLimit;33315,00217462216;0,03051;299,34
bateria_pruebas\run_400p_25c_iter16.dat;2400;125;Limite_20s;aborted/maxTimeLimit;45153,60220724149;0,724429;19,56
bateria_pruebas\run_400p_25c_iter16.dat;2400;125;Limite_60s;aborted/maxTimeLimit;34330,00869848864;0,395607;59,28
bateria_pruebas\run_400p_25c_iter16.dat;2400;125;Limite_300s;ok/optimal;24703,0;0,0;272,11
bateria_pruebas\run_400p_25c_iter17.dat;2400;125;Limite_20s;aborted/maxTimeLimit;56931,00217462216;0,673318;20,16
bateria_pruebas\run_400p_25c_iter17.dat;2400;125;Limite_60s;aborted/maxTimeLimit;30277,0;0,157171;59,5
bateria_pruebas\run_400p_25c_iter17.dat;2400;125;Limite_300s;aborted/maxTimeLimit;28636,0;0,031887;299,61
bateria_pruebas\run_400p_25c_iter18.dat;2400;125;Limite_20s;aborted/maxTimeLimit;60811,50217462216;0,685771;20,93
bateria_pruebas\run_400p_25c_iter18.dat;2400;125;Limite_60s;aborted/maxTimeLimit;33697,5;0,284347;60,07
bateria_pruebas\run_400p_25c_iter18.dat;2400;125;Limite_300s;aborted/maxTimeLimit;31508,5;0,216822;299,9
bateria_pruebas\run_400p_25c_iter19.dat;2400;125;Limite_20s;aborted/maxTimeLimit;46474,58263564206;0,674733;19,82
bateria_pruebas\run_400p_25c_iter19.dat;2400;125;Limite_60s;aborted/maxTimeLimit;29400,50217462216;0,214215;59,69
bateria_pruebas\run_400p_25c_iter19.dat;2400;125;Limite_300s;aborted/maxTimeLimit;27294,0;0,15357;299,69
bateria_pruebas\run_400p_25c_iter20.dat;2400;125;Limite_20s;aborted/maxTimeLimit;51420,576111775576;0,628539;19,65
bateria_pruebas\run_400p_25c_iter20.dat;2400;125;Limite_60s;aborted/maxTimeLimit;33992,00869848864;0,192323;59,64
bateria_pruebas\run_400p_25c_iter20.dat;2400;125;Limite_300s;aborted/maxTimeLimit;31991,5;0,127797;299,47
bateria_pruebas\run_400p_25c_iter21.dat;2400;125;Limite_20s;aborted/maxTimeLimit;60504,0;0,597905;19,6
bateria_pruebas\run_400p_25c_iter21.dat;2400;125;Limite_60s;aborted/maxTimeLimit;60504,0;0,503977;59,48
bateria_pruebas\run_400p_25c_iter21.dat;2400;125;Limite_300s;aborted/maxTimeLimit;36820,5;0,12317;299,66
bateria_pruebas\run_400p_25c_iter22.dat;2400;125;Limite_20s;aborted/maxTimeLimit;55542,0;0,624284;20,73
bateria_pruebas\run_400p_25c_iter22.dat;2400;125;Limite_60s;aborted/maxTimeLimit;31809,5;0,139366;59,4
bateria_pruebas\run_400p_25c_iter22.dat;2400;125;Limite_300s;aborted/maxTimeLimit;31484,0;0,066687;300,34
bateria_pruebas\run_400p_25c_iter23.dat;2400;125;Limite_20s;aborted/maxTimeLimit;44817,0695879091;0,581401;19,53
bateria_pruebas\run_400p_25c_iter23.dat;2400;125;Limite_60s;aborted/maxTimeLimit;44817,0695879091;0,435875;59,46
bateria_pruebas\run_400p_25c_iter23.dat;2400;125;Limite_300s;aborted/maxTimeLimit;31440,0;0,195851;299,47
bateria_pruebas\run_400p_25c_iter24.dat;2400;125;Limite_20s;aborted/maxTimeLimit;43603,10438186365;0,720949;19,52
bateria_pruebas\run_400p_25c_iter24.dat;2400;125;Limite_60s;aborted/maxTimeLimit;43603,10438186365;0,562355;59,59
bateria_pruebas\run_400p_25c_iter24.dat;2400;125;Limite_300s;aborted/maxTimeLimit;25931,5;0,239504;299,47
bateria_pruebas\run_400p_25c_iter25.dat;2400;125;Limite_20s;aborted/maxTimeLimit;52032,07828639774;0,610859;19,59
bateria_pruebas\run_400p_25c_iter25.dat;2400;125;Limite_60s;aborted/maxTimeLimit;34061,5;0,163227;59,48
bateria_pruebas\run_400p_25c_iter25.dat;2400;125;Limite_300s;aborted/maxTimeLimit;32151,0;0,095509;299,5
bateria_pruebas\run_400p_25c_iter26.dat;2400;125;Limite_20s;aborted/maxTimeLimit;43058,576111775576;0,72038;19,43
bateria_pruebas\run_400p_25c_iter26.dat;2400;125;Limite_60s;aborted/maxTimeLimit;43058,576111775576;0,519752;59,3
bateria_pruebas\run_400p_25c_iter26.dat;2400;125;Limite_300s;aborted/maxTimeLimit;25788,5;0,109107;299,33
bateria_pruebas\run_400p_25c_iter27.dat;2400;125;Limite_20s;aborted/maxTimeLimit;37543,5;0,606714;19,36
bateria_pruebas\run_400p_25c_iter27.dat;2400;125;Limite_60s;aborted/maxTimeLimit;37543,5;0,396665;59,08
bateria_pruebas\run_400p_25c_iter27.dat;2400;125;Limite_300s;aborted/maxTimeLimit;25999,0;0,128762;299,04
bateria_pruebas\run_400p_25c_iter28.dat;2400;125;Limite_20s;aborted/maxTimeLimit;48247,067413286946;0,626502;21,24
bateria_pruebas\run_400p_25c_iter28.dat;2400;125;Limite_60s;aborted/maxTimeLimit;33933,5;0,233555;59,31
bateria_pruebas\run_400p_25c_iter28.dat;2400;125;Limite_300s;aborted/maxTimeLimit;32274,0;0,153937;299,28
bateria_pruebas\run_400p_25c_iter29.dat;2400;125;Limite_20s;aborted/maxTimeLimit;54609,0;0,646914;19,52
bateria_pruebas\run_400p_25c_iter29.dat;2400;125;Limite_60s;aborted/maxTimeLimit;32392,5;0,052922;59,42
bateria_pruebas\run_400p_25c_iter29.dat;2400;125;Limite_300s;ok/optimal;32392,5;0,0;188,69
bateria_pruebas\run_400p_25c_iter30.dat;2400;125;Limite_20s;aborted/maxTimeLimit;38043,0695879091;0,603338;19,78
bateria_pruebas\run_400p_25c_iter30.dat;2400;125;Limite_60s;aborted/maxTimeLimit;28519,0;0,089453;59,63
bateria_pruebas\run_400p_25c_iter30.dat;2400;125;Limite_300s;ok/optimal;28183,0;0,0;276,22
bateria_pruebas\run_400p_30c_iter01.dat;2400;150;Limite_20s;aborted/maxTimeLimit;41231,119604218766;0,86114;19,61
bateria_pruebas\run_400p_30c_iter01.dat;2400;150;Limite_60s;aborted/maxTimeLimit;41231,119604218766;0,631002;59,89
bateria_pruebas\run_400p_30c_iter01.dat;2400;150;Limite_300s;aborted/maxTimeLimit;23412,50217462216;0,350168;299,49
bateria_pruebas\run_400p_30c_iter02.dat;2400;150;Limite_20s;aborted/maxTimeLimit;59314,00217462216;0,874645;19,29
bateria_pruebas\run_400p_30c_iter02.dat;2400;150;Limite_60s;aborted/maxTimeLimit;30343,5;0,351494;59,01
bateria_pruebas\run_400p_30c_iter02.dat;2400;150;Limite_300s;aborted/maxTimeLimit;23767,50652386648;0,08825;299,02
bateria_pruebas\run_400p_30c_iter03.dat;2400;150;Limite_20s;aborted/maxTimeLimit;56097,023920843756;0,947194;19,18
bateria_pruebas\run_400p_30c_iter03.dat;2400;150;Limite_60s;aborted/maxTimeLimit;40760,5804610199;0,761838;59,23
bateria_pruebas\run_400p_30c_iter03.dat;2400;150;Limite_300s;aborted/maxTimeLimit;20505,5;0,168842;299,01
bateria_pruebas\run_400p_30c_iter04.dat;2400;150;Limite_20s;aborted/maxTimeLimit;53791,52827008807;0,884368;19,17
bateria_pruebas\run_400p_30c_iter04.dat;2400;150;Limite_60s;aborted/maxTimeLimit;53791,52827008807;0,738789;59,13
bateria_pruebas\run_400p_30c_iter04.dat;2400;150;Limite_300s;aborted/maxTimeLimit;23312,0;0,301412;299,12
bateria_pruebas\run_400p_30c_iter05.dat;2400;150;Limite_20s;aborted/maxTimeLimit;54635,0;0,955568;19,13
bateria_pruebas\run_400p_30c_iter05.dat;2400;150;Limite_60s;aborted/maxTimeLimit;52284,52609546592;0,780566;60,35
bateria_pruebas\run_400p_30c_iter05.dat;2400;150;Limite_300s;aborted/maxTimeLimit;17810,5;0,254394;299,34
bateria_pruebas\run_400p_30c_iter06.dat;2400;150;Limite_20s;aborted/maxTimeLimit;56894,03261933239;0,9171;20,12
bateria_pruebas\run_400p_30c_iter06.dat;2400;150;Limite_60s;aborted/maxTimeLimit;56894,03261933239;0,719751;60,24
bateria_pruebas\run_400p_30c_iter06.dat;2400;150;Limite_300s;aborted/maxTimeLimit;22065,0;0,277385;300,49
bateria_pruebas\run_400p_30c_iter07.dat;2400;150;Limite_20s;aborted/maxTimeLimit;43504,03696857671;0,798783;19,37
bateria_pruebas\run_400p_30c_iter07.dat;2400;150;Limite_60s;aborted/maxTimeLimit;43504,03696857671;0,588346;59,62
bateria_pruebas\run_400p_30c_iter07.dat;2400;150;Limite_300s;aborted/maxTimeLimit;24936,50217462216;0,281832;299,31
bateria_pruebas\run_400p_30c_iter08.dat;2400;150;Limite_20s;aborted/maxTimeLimit;55312,521746221595;0,906383;19,26
bateria_pruebas\run_400p_30c_iter08.dat;2400;150;Limite_60s;aborted/maxTimeLimit;55312,521746221595;0,757202;59,32
bateria_pruebas\run_400p_30c_iter08.dat;2400;150;Limite_300s;aborted/maxTimeLimit;19825,0;0,320308;299,47
bateria_pruebas\run_400p_30c_iter09.dat;2400;150;Limite_20s;aborted/maxTimeLimit;55774,54784168751;0,987045;19,03
bateria_pruebas\run_400p_30c_iter09.dat;2400;150;Limite_60s;aborted/maxTimeLimit;55774,54784168751;0,828565;59,96
bateria_pruebas\run_400p_30c_iter09.dat;2400;150;Limite_300s;aborted/maxTimeLimit;15808,5;0,331963;299,81
bateria_pruebas\run_400p_30c_iter10.dat;2400;150;Limite_20s;aborted/maxTimeLimit;58113,03696857671;0,870396;19,69
bateria_pruebas\run_400p_30c_iter10.dat;2400;150;Limite_60s;aborted/maxTimeLimit;58113,03696857671;0,692426;59,67
bateria_pruebas\run_400p_30c_iter10.dat;2400;150;Limite_300s;aborted/maxTimeLimit;22133,0;0,127633;299,34
bateria_pruebas\run_400p_30c_iter11.dat;2400;150;Limite_20s;aborted/maxTimeLimit;54795,5;0,961314;19,57
bateria_pruebas\run_400p_30c_iter11.dat;2400;150;Limite_60s;aborted/maxTimeLimit;54795,5;0,81551;60,86
bateria_pruebas\run_400p_30c_iter11.dat;2400;150;Limite_300s;aborted/maxTimeLimit;19381,0;0,425962;299,31
bateria_pruebas\run_400p_30c_iter12.dat;2400;150;Limite_20s;aborted/maxTimeLimit;63058,54784168751;0,811944;19,72
bateria_pruebas\run_400p_30c_iter12.dat;2400;150;Limite_60s;aborted/maxTimeLimit;63058,54784168751;0,612509;59,44
bateria_pruebas\run_400p_30c_iter12.dat;2400;150;Limite_300s;aborted/maxTimeLimit;26558,0;0,043089;299,35
bateria_pruebas\run_400p_30c_iter13.dat;2400;150;Limite_20s;aborted/maxTimeLimit;49633,53044471023;0,890012;19,36
bateria_pruebas\run_400p_30c_iter13.dat;2400;150;Limite_60s;aborted/maxTimeLimit;49633,53044471023;0,708682;59,83
bateria_pruebas\run_400p_30c_iter13.dat;2400;150;Limite_300s;aborted/maxTimeLimit;20084,5;0,241368;299,4
bateria_pruebas\run_400p_30c_iter14.dat;2400;150;Limite_20s;aborted/maxTimeLimit;56899,54784168751;0,959232;20,02
bateria_pruebas\run_400p_30c_iter14.dat;2400;150;Limite_60s;aborted/maxTimeLimit;56899,54784168751;0,75399;59,16
bateria_pruebas\run_400p_30c_iter14.dat;2400;150;Limite_300s;aborted/maxTimeLimit;20170,5;0,306023;299,15
bateria_pruebas\run_400p_30c_iter15.dat;2400;150;Limite_20s;aborted/maxTimeLimit;53347,5;0,907079;19,37
bateria_pruebas\run_400p_30c_iter15.dat;2400;150;Limite_60s;aborted/maxTimeLimit;52110,021746221595;0,702524;59,81
bateria_pruebas\run_400p_30c_iter15.dat;2400;150;Limite_300s;aborted/maxTimeLimit;20580,0;0,154062;299,42
bateria_pruebas\run_400p_30c_iter16.dat;2400;150;Limite_20s;aborted/maxTimeLimit;63633,52827008807;0,743867;19,14
bateria_pruebas\run_400p_30c_iter16.dat;2400;150;Limite_60s;aborted/maxTimeLimit;46017,5695879091;0,611779;60,35
bateria_pruebas\run_400p_30c_iter16.dat;2400;150;Limite_300s;aborted/maxTimeLimit;33541,0;0,16637;299,26
bateria_pruebas\run_400p_30c_iter17.dat;2400;150;Limite_20s;aborted/maxTimeLimit;54981,0;0,86497;19,21
bateria_pruebas\run_400p_30c_iter17.dat;2400;150;Limite_60s;aborted/maxTimeLimit;24656,5;0,229317;59,09
bateria_pruebas\run_400p_30c_iter17.dat;2400;150;Limite_300s;aborted/maxTimeLimit;22661,5;0,161471;299,09
bateria_pruebas\run_400p_30c_iter18.dat;2400;150;Limite_20s;aborted/maxTimeLimit;59248,00217462216;0,847141;19,64
bateria_pruebas\run_400p_30c_iter18.dat;2400;150;Limite_60s;aborted/maxTimeLimit;59248,00217462216;0,679697;59,86
bateria_pruebas\run_400p_30c_iter18.dat;2400;150;Limite_300s;aborted/maxTimeLimit;23668,0;0,198186;299,36
bateria_pruebas\run_400p_30c_iter19.dat;2400;150;Limite_20s;aborted/maxTimeLimit;54245,0108731108;0,846157;19,19
bateria_pruebas\run_400p_30c_iter19.dat;2400;150;Limite_60s;aborted/maxTimeLimit;54245,0108731108;0,644414;59,26
bateria_pruebas\run_400p_30c_iter19.dat;2400;150;Limite_300s;aborted/maxTimeLimit;22612,5;0,042333;299,31
bateria_pruebas\run_400p_30c_iter20.dat;2400;150;Limite_20s;aborted/maxTimeLimit;40161,62177884093;0,877829;19,33
bateria_pruebas\run_400p_30c_iter20.dat;2400;150;Limite_60s;aborted/maxTimeLimit;40161,62177884093;0,602192;59,17
bateria_pruebas\run_400p_30c_iter20.dat;2400;150;Limite_300s;aborted/maxTimeLimit;19822,0;0,192952;300,25
bateria_pruebas\run_400p_30c_iter21.dat;2400;150;Limite_20s;aborted/maxTimeLimit;55962,54131782103;0,888084;20,14
bateria_pruebas\run_400p_30c_iter21.dat;2400;150;Limite_60s;aborted/maxTimeLimit;55962,54131782103;0,726652;59,8
bateria_pruebas\run_400p_30c_iter21.dat;2400;150;Limite_300s;aborted/maxTimeLimit;21135,0;0,261395;299,25
bateria_pruebas\run_400p_30c_iter22.dat;2400;150;Limite_20s;aborted/maxTimeLimit;40085,6283027074;0,966942;19,39
bateria_pruebas\run_400p_30c_iter22.dat;2400;150;Limite_60s;aborted/maxTimeLimit;31230,052190931827;0,846982;61,79
bateria_pruebas\run_400p_30c_iter22.dat;2400;150;Limite_300s;aborted/maxTimeLimit;16955,0;0,274771;299,34
bateria_pruebas\run_400p_30c_iter23.dat;2400;150;Limite_20s;aborted/maxTimeLimit;42704,65657279548;0,876248;19,4
bateria_pruebas\run_400p_30c_iter23.dat;2400;150;Limite_60s;aborted/maxTimeLimit;23199,021746221595;0,743943;62,19
bateria_pruebas\run_400p_30c_iter23.dat;2400;150;Limite_300s;aborted/maxTimeLimit;22766,5;0,344546;299,28
bateria_pruebas\run_400p_30c_iter24.dat;2400;150;Limite_20s;aborted/maxTimeLimit;53678,5;1,004585;20,67
bateria_pruebas\run_400p_30c_iter24.dat;2400;150;Limite_60s;aborted/maxTimeLimit;53678,5;0,822068;59,88
bateria_pruebas\run_400p_30c_iter24.dat;2400;150;Limite_300s;aborted/maxTimeLimit;18731,5;0,490104;299,36
bateria_pruebas\run_400p_30c_iter25.dat;2400;150;Limite_20s;aborted/maxTimeLimit;57203,5;0,82085;19,48
bateria_pruebas\run_400p_30c_iter25.dat;2400;150;Limite_60s;aborted/maxTimeLimit;57203,5;0,626327;59,09
bateria_pruebas\run_400p_30c_iter25.dat;2400;150;Limite_300s;aborted/maxTimeLimit;27403,5;0,219976;298,97
bateria_pruebas\run_400p_30c_iter26.dat;2400;150;Limite_20s;aborted/maxTimeLimit;50419,0;0,996045;19,0
bateria_pruebas\run_400p_30c_iter26.dat;2400;150;Limite_60s;aborted/maxTimeLimit;50419,0;0,787424;59,55
bateria_pruebas\run_400p_30c_iter26.dat;2400;150;Limite_300s;aborted/maxTimeLimit;17160,5;0,375433;299,94
bateria_pruebas\run_400p_30c_iter27.dat;2400;150;Limite_20s;aborted/maxTimeLimit;53877,5;0,849749;19,57
bateria_pruebas\run_400p_30c_iter27.dat;2400;150;Limite_60s;aborted/maxTimeLimit;53877,5;0,659062;59,58
bateria_pruebas\run_400p_30c_iter27.dat;2400;150;Limite_300s;aborted/maxTimeLimit;23295,5;0,211483;299,46
bateria_pruebas\run_400p_30c_iter28.dat;2400;150;Limite_20s;aborted/maxTimeLimit;57906,0;0,880605;20,01
bateria_pruebas\run_400p_30c_iter28.dat;2400;150;Limite_60s;aborted/maxTimeLimit;57906,0;0,677825;59,64
bateria_pruebas\run_400p_30c_iter28.dat;2400;150;Limite_300s;aborted/maxTimeLimit;22461,5;0,169428;299,42
bateria_pruebas\run_400p_30c_iter29.dat;2400;150;Limite_20s;aborted/maxTimeLimit;50809,50217462216;0,919117;19,62
bateria_pruebas\run_400p_30c_iter29.dat;2400;150;Limite_60s;aborted/maxTimeLimit;22264,53044471023;0,284641;59,41
bateria_pruebas\run_400p_30c_iter29.dat;2400;150;Limite_300s;aborted/maxTimeLimit;18444,0;0,078687;299,51
bateria_pruebas\run_400p_30c_iter30.dat;2400;150;Limite_20s;aborted/maxTimeLimit;52898,03696857671;1,03797;20,28
bateria_pruebas\run_400p_30c_iter30.dat;2400;150;Limite_60s;aborted/maxTimeLimit;52898,03696857671;0,827814;59,59
bateria_pruebas\run_400p_30c_iter30.dat;2400;150;Limite_300s;aborted/maxTimeLimit;13321,5;0,316272;299,58
bateria_pruebas\run_400p_40c_iter01.dat;2400;200;Limite_20s;aborted/intermediateNonInteger;-14742,12712208389;1,0;17,79
bateria_pruebas\run_400p_40c_iter01.dat;2400;200;Limite_60s;aborted/intermediateNonInteger;-14742,12712208389;1,0;58,97
bateria_pruebas\run_400p_40c_iter01.dat;2400;200;Limite_300s;aborted/maxTimeLimit;6778,006523866479;0,772999;297,99
bateria_pruebas\run_400p_40c_iter02.dat;2400;200;Limite_20s;aborted/intermediateNonInteger;-13106,193289229399;1,0;17,68
bateria_pruebas\run_400p_40c_iter02.dat;2400;200;Limite_60s;aborted/intermediateNonInteger;-13106,193289229399;1,0;58,33
bateria_pruebas\run_400p_40c_iter02.dat;2400;200;Limite_300s;aborted/maxTimeLimit;8112,0;0,341999;299,19
bateria_pruebas\run_400p_40c_iter03.dat;2400;200;Limite_20s;aborted/intermediateNonInteger;-17248,610042012493;1,0;19,29
bateria_pruebas\run_400p_40c_iter03.dat;2400;200;Limite_60s;aborted/maxTimeLimit;52192,567413286946;1,187555;57,49
bateria_pruebas\run_400p_40c_iter03.dat;2400;200;Limite_300s;aborted/maxTimeLimit;3225,0;0,659456;296,44
bateria_pruebas\run_400p_40c_iter04.dat;2400;200;Limite_20s;aborted/intermediateNonInteger;-19294,261774093102;1,0;19,02
bateria_pruebas\run_400p_40c_iter04.dat;2400;200;Limite_60s;aborted/maxTimeLimit;23469,543492443187;1,608588;63,22
bateria_pruebas\run_400p_40c_iter04.dat;2400;200;Limite_300s;aborted/maxTimeLimit;1936,0;0,772716;298,78
bateria_pruebas\run_400p_40c_iter05.dat;2400;200;Limite_20s;aborted/intermediateNonInteger;-14451,27997919855;1,0;19,79
bateria_pruebas\run_400p_40c_iter05.dat;2400;200;Limite_60s;aborted/maxTimeLimit;27508,128302707402;1,346451;60,46
bateria_pruebas\run_400p_40c_iter05.dat;2400;200;Limite_300s;aborted/maxTimeLimit;7766,0;1,282737;297,63
bateria_pruebas\run_400p_40c_iter06.dat;2400;200;Limite_20s;aborted/intermediateNonInteger;-8559,547868562742;1,0;19,27
bateria_pruebas\run_400p_40c_iter06.dat;2400;200;Limite_60s;aborted/intermediateNonInteger;-8559,547868562742;1,0;66,55
bateria_pruebas\run_400p_40c_iter06.dat;2400;200;Limite_300s;aborted/maxTimeLimit;12062,5;0,50866;299,3
bateria_pruebas\run_400p_40c_iter07.dat;2400;200;Limite_20s;aborted/intermediateNonInteger;-14230,1271881275;1,0;17,93
bateria_pruebas\run_400p_40c_iter07.dat;2400;200;Limite_60s;aborted/maxTimeLimit;33206,60003261933;1,234592;65,68
bateria_pruebas\run_400p_40c_iter07.dat;2400;200;Limite_300s;aborted/maxTimeLimit;9573,5;0,889127;297,71
bateria_pruebas\run_400p_40c_iter08.dat;2400;200;Limite_20s;aborted/intermediateNonInteger;-15346,753675191972;1,0;18,6
bateria_pruebas\run_400p_40c_iter08.dat;2400;200;Limite_60s;aborted/maxTimeLimit;60987,067413286946;1,090618;63,85
bateria_pruebas\run_400p_40c_iter08.dat;2400;200;Limite_300s;aborted/maxTimeLimit;6961,0;0,639215;302,0
bateria_pruebas\run_400p_40c_iter09.dat;2400;200;Limite_20s;aborted/intermediateNonInteger;-19849,294330444318;1,0;22,38
bateria_pruebas\run_400p_40c_iter09.dat;2400;200;Limite_60s;aborted/intermediateNonInteger;-19849,294330444318;1,0;68,72
bateria_pruebas\run_400p_40c_iter09.dat;2400;200;Limite_300s;aborted/maxTimeLimit;1723,5;3,714056;294,13
bateria_pruebas\run_400p_40c_iter10.dat;2400;200;Limite_20s;aborted/intermediateNonInteger;-17630,866298979454;1,0;20,06
bateria_pruebas\run_400p_40c_iter10.dat;2400;200;Limite_60s;aborted/intermediateNonInteger;-17630,866298979454;1,0;66,51
bateria_pruebas\run_400p_40c_iter10.dat;2400;200;Limite_300s;aborted/maxTimeLimit;4218,0;1,599016;296,76
bateria_pruebas\run_400p_40c_iter11.dat;2400;200;Limite_20s;aborted/intermediateNonInteger;-18451,70534893762;1,0;16,84
bateria_pruebas\run_400p_40c_iter11.dat;2400;200;Limite_60s;aborted/intermediateNonInteger;-18451,70534893762;1,0;57,6
bateria_pruebas\run_400p_40c_iter11.dat;2400;200;Limite_300s;aborted/maxTimeLimit;8638,0;1,511029;297,06
bateria_pruebas\run_400p_40c_iter12.dat;2400;200;Limite_20s;aborted/intermediateNonInteger;-13581,4869915361;1,0;18,39
bateria_pruebas\run_400p_40c_iter12.dat;2400;200;Limite_60s;aborted/maxTimeLimit;57827,57176253126;1,133337;60,91
bateria_pruebas\run_400p_40c_iter12.dat;2400;200;Limite_300s;aborted/maxTimeLimit;5613,0;1,323177;298,62
bateria_pruebas\run_400p_40c_iter13.dat;2400;200;Limite_20s;aborted/intermediateNonInteger;-16948,25267906172;1,0;17,54
bateria_pruebas\run_400p_40c_iter13.dat;2400;200;Limite_60s;aborted/intermediateNonInteger;-16948,25267906172;1,0;69,83
bateria_pruebas\run_400p_40c_iter13.dat;2400;200;Limite_300s;aborted/maxTimeLimit;6014,5;1,406263;297,34
bateria_pruebas\run_400p_40c_iter14.dat;2400;200;Limite_20s;aborted/intermediateNonInteger;-17714,907248938274;1,0;18,76
bateria_pruebas\run_400p_40c_iter14.dat;2400;200;Limite_60s;aborted/intermediateNonInteger;-17714,907248938274;1,0;59,17
bateria_pruebas\run_400p_40c_iter14.dat;2400;200;Limite_300s;aborted/maxTimeLimit;11243,0;1,178166;293,53
bateria_pruebas\run_400p_40c_iter15.dat;2400;200;Limite_20s;aborted/maxTimeLimit;33734,00869848864;1,351219;18,87
bateria_pruebas\run_400p_40c_iter15.dat;2400;200;Limite_60s;aborted/maxTimeLimit;33734,00869848864;1,170807;59,47
bateria_pruebas\run_400p_40c_iter15.dat;2400;200;Limite_300s;aborted/maxTimeLimit;10775,004349244318;1,062148;298,89
bateria_pruebas\run_400p_40c_iter16.dat;2400;200;Limite_20s;aborted/intermediateNonInteger;-16289,00949675827;1,0;17,7
bateria_pruebas\run_400p_40c_iter16.dat;2400;200;Limite_60s;aborted/maxTimeLimit;33091,54349244319;1,4902;58,11
bateria_pruebas\run_400p_40c_iter16.dat;2400;200;Limite_300s;aborted/maxTimeLimit;4772,5;1,031805;297,78
bateria_pruebas\run_400p_40c_iter17.dat;2400;200;Limite_20s;aborted/intermediateNonInteger;-17125,515878846672;1,0;17,5
bateria_pruebas\run_400p_40c_iter17.dat;2400;200;Limite_60s;aborted/maxTimeLimit;26348,026095465913;1,384485;66,96
bateria_pruebas\run_400p_40c_iter17.dat;2400;200;Limite_300s;aborted/maxTimeLimit;5895,5;1,278125;297,62
bateria_pruebas\run_400p_40c_iter18.dat;2400;200;Limite_20s;aborted/intermediateNonInteger;-18478,893244162136;1,0;16,99
bateria_pruebas\run_400p_40c_iter18.dat;2400;200;Limite_60s;aborted/intermediateNonInteger;-18478,893244162136;1,0;71,38
bateria_pruebas\run_400p_40c_iter18.dat;2400;200;Limite_300s;aborted/maxTimeLimit;5286,502174622161;2,301744;296,94
bateria_pruebas\run_400p_40c_iter19.dat;2400;200;Limite_20s;aborted/intermediateNonInteger;-17760,102464003496;1,0;17,59
bateria_pruebas\run_400p_40c_iter19.dat;2400;200;Limite_60s;aborted/intermediateNonInteger;-17760,102464003496;1,0;55,12
bateria_pruebas\run_400p_40c_iter19.dat;2400;200;Limite_300s;aborted/maxTimeLimit;2827,5;1,987422;295,41
bateria_pruebas\run_400p_40c_iter20.dat;2400;200;Limite_20s;aborted/intermediateNonInteger;-16832,957654454945;1,0;20,52
bateria_pruebas\run_400p_40c_iter20.dat;2400;200;Limite_60s;aborted/intermediateNonInteger;-16832,957654454945;1,0;59,44
bateria_pruebas\run_400p_40c_iter20.dat;2400;200;Limite_300s;aborted/maxTimeLimit;5641,0;0,998393;300,53
bateria_pruebas\run_400p_40c_iter21.dat;2400;200;Limite_20s;aborted/intermediateNonInteger;-3729,794841985695;1,0;18,81
bateria_pruebas\run_400p_40c_iter21.dat;2400;200;Limite_60s;aborted/maxTimeLimit;61460,565238664785;0,9922;62,84
bateria_pruebas\run_400p_40c_iter21.dat;2400;200;Limite_300s;aborted/maxTimeLimit;19343,00217462216;0,437431;298,85
bateria_pruebas\run_400p_40c_iter22.dat;2400;200;Limite_20s;aborted/intermediateNonInteger;-14594,966156317849;1,0;17,94
bateria_pruebas\run_400p_40c_iter22.dat;2400;200;Limite_60s;aborted/maxTimeLimit;55367,567413286946;1,100878;61,15
bateria_pruebas\run_400p_40c_iter22.dat;2400;200;Limite_300s;aborted/maxTimeLimit;10170,017396977277;0,771672;299,11
bateria_pruebas\run_400p_40c_iter23.dat;2400;200;Limite_20s;aborted/intermediateNonInteger;-16137,115452354295;1,0;19,21
bateria_pruebas\run_400p_40c_iter23.dat;2400;200;Limite_60s;aborted/intermediateNonInteger;-16137,115452354295;1,0;57,23
bateria_pruebas\run_400p_40c_iter23.dat;2400;200;Limite_300s;aborted/maxTimeLimit;5782,502174622161;0,77174;299,9
bateria_pruebas\run_400p_40c_iter24.dat;2400;200;Limite_20s;aborted/intermediateNonInteger;-19042,773436662093;1,0;19,36
bateria_pruebas\run_400p_40c_iter24.dat;2400;200;Limite_60s;aborted/intermediateNonInteger;-19042,773436662093;1,0;67,66
bateria_pruebas\run_400p_40c_iter24.dat;2400;200;Limite_300s;aborted/maxTimeLimit;2249,5043492443183;2,283108;298,17
bateria_pruebas\run_400p_40c_iter25.dat;2400;200;Limite_20s;aborted/intermediateNonInteger;-8477,229190120299;1,0;18,78
bateria_pruebas\run_400p_40c_iter25.dat;2400;200;Limite_60s;aborted/intermediateNonInteger;-8477,229190120299;1,0;63,68
bateria_pruebas\run_400p_40c_iter25.dat;2400;200;Limite_300s;aborted/maxTimeLimit;12623,002174622161;0,550255;302,4
bateria_pruebas\run_400p_40c_iter26.dat;2400;200;Limite_20s;aborted/intermediateNonInteger;-8704,595963128198;1,0;18,83
bateria_pruebas\run_400p_40c_iter26.dat;2400;200;Limite_60s;aborted/intermediateNonInteger;-8704,595963128198;1,0;60,83
bateria_pruebas\run_400p_40c_iter26.dat;2400;200;Limite_300s;aborted/maxTimeLimit;10990,5;0,631258;299,23
bateria_pruebas\run_400p_40c_iter27.dat;2400;200;Limite_20s;aborted/intermediateNonInteger;-16415,744347986347;1,0;17,69
bateria_pruebas\run_400p_40c_iter27.dat;2400;200;Limite_60s;aborted/maxTimeLimit;54111,5695879091;1,181623;61,06
bateria_pruebas\run_400p_40c_iter27.dat;2400;200;Limite_300s;aborted/maxTimeLimit;4715,002174622161;0,999983;297,33
bateria_pruebas\run_400p_40c_iter28.dat;2400;200;Limite_20s;aborted/intermediateNonInteger;-20521,289039318246;1,0;19,17
bateria_pruebas\run_400p_40c_iter28.dat;2400;200;Limite_60s;aborted/maxTimeLimit;55612,60438186365;1,312863;81,9
bateria_pruebas\run_400p_40c_iter28.dat;2400;200;Limite_300s;aborted/maxTimeLimit;4432,523920843752;2,442637;301,05
bateria_pruebas\run_400p_40c_iter29.dat;2400;200;Limite_20s;aborted/intermediateNonInteger;-19317,401205259423;1,0;19,2
bateria_pruebas\run_400p_40c_iter29.dat;2400;200;Limite_60s;aborted/maxTimeLimit;54131,0587147983;1,305772;69,27
bateria_pruebas\run_400p_40c_iter29.dat;2400;200;Limite_300s;aborted/maxTimeLimit;1072,0130477329549;4,127286;299,0
bateria_pruebas\run_400p_40c_iter30.dat;2400;200;Limite_20s;aborted/intermediateNonInteger;-14084,15180069707;1,0;18,14
bateria_pruebas\run_400p_40c_iter30.dat;2400;200;Limite_60s;aborted/intermediateNonInteger;-14084,15180069707;1,0;61,51
bateria_pruebas\run_400p_40c_iter30.dat;2400;200;Limite_300s;aborted/maxTimeLimit;7206,0;0,865026;298,1
